<keymap version="1" name="GNOME copy" parent="Default for GNOME">
  <action id="NextTab">
    <keyboard-shortcut first-keystroke="alt l" />
  </action>
  <action id="PinActiveTab">
    <keyboard-shortcut first-keystroke="shift ctrl alt multiply" />
  </action>
  <action id="PreviousTab">
    <keyboard-shortcut first-keystroke="alt h" />
  </action>
  <action id="TabShiftActions.ShiftDown">
    <keyboard-shortcut first-keystroke="shift alt semicolon" />
    <keyboard-shortcut first-keystroke="shift alt j" />
  </action>
  <action id="TabShiftActions.ShiftLeft">
    <keyboard-shortcut first-keystroke="shift alt open_bracket" />
    <keyboard-shortcut first-keystroke="shift alt h" />
  </action>
  <action id="TabShiftActions.ShiftRight">
    <keyboard-shortcut first-keystroke="shift alt close_bracket" />
    <keyboard-shortcut first-keystroke="shift alt l" />
  </action>
  <action id="TabShiftActions.ShiftUp">
    <keyboard-shortcut first-keystroke="shift alt p" />
    <keyboard-shortcut first-keystroke="shift alt k" />
  </action>
  <action id="UnselectPreviousOccurrence" />
  <action id="context.load" />
</keymap>