<application>
  <component name="ProjectJdkTable">
    <jdk version="2">
      <name value="11" />
      <type value="JavaSDK" />
      <version value="java version &quot;11.0.5&quot;" />
      <homePath value="$APPLICATION_HOME_DIR$/jbr" />
      <roots>
        <annotationsPath>
          <root type="composite">
            <root url="jar://$APPLICATION_HOME_DIR$/plugins/java/lib/jdkAnnotations.jar!/" type="simple" />
          </root>
        </annotationsPath>
        <classPath>
          <root type="composite">
            <root url="jrt:///home/juan.martin.lequerica/Documents/idea-IC-193.6494.35/jbr!/java.base" type="simple" />
            <root url="jrt:///home/juan.martin.lequerica/Documents/idea-IC-193.6494.35/jbr!/java.compiler" type="simple" />
            <root url="jrt:///home/juan.martin.lequerica/Documents/idea-IC-193.6494.35/jbr!/java.datatransfer" type="simple" />
            <root url="jrt:///home/juan.martin.lequerica/Documents/idea-IC-193.6494.35/jbr!/java.desktop" type="simple" />
            <root url="jrt:///home/juan.martin.lequerica/Documents/idea-IC-193.6494.35/jbr!/java.instrument" type="simple" />
            <root url="jrt:///home/juan.martin.lequerica/Documents/idea-IC-193.6494.35/jbr!/java.logging" type="simple" />
            <root url="jrt:///home/juan.martin.lequerica/Documents/idea-IC-193.6494.35/jbr!/java.management" type="simple" />
            <root url="jrt:///home/juan.martin.lequerica/Documents/idea-IC-193.6494.35/jbr!/java.management.rmi" type="simple" />
            <root url="jrt:///home/juan.martin.lequerica/Documents/idea-IC-193.6494.35/jbr!/java.naming" type="simple" />
            <root url="jrt:///home/juan.martin.lequerica/Documents/idea-IC-193.6494.35/jbr!/java.net.http" type="simple" />
            <root url="jrt:///home/juan.martin.lequerica/Documents/idea-IC-193.6494.35/jbr!/java.prefs" type="simple" />
            <root url="jrt:///home/juan.martin.lequerica/Documents/idea-IC-193.6494.35/jbr!/java.rmi" type="simple" />
            <root url="jrt:///home/juan.martin.lequerica/Documents/idea-IC-193.6494.35/jbr!/java.scripting" type="simple" />
            <root url="jrt:///home/juan.martin.lequerica/Documents/idea-IC-193.6494.35/jbr!/java.se" type="simple" />
            <root url="jrt:///home/juan.martin.lequerica/Documents/idea-IC-193.6494.35/jbr!/java.security.jgss" type="simple" />
            <root url="jrt:///home/juan.martin.lequerica/Documents/idea-IC-193.6494.35/jbr!/java.security.sasl" type="simple" />
            <root url="jrt:///home/juan.martin.lequerica/Documents/idea-IC-193.6494.35/jbr!/java.smartcardio" type="simple" />
            <root url="jrt:///home/juan.martin.lequerica/Documents/idea-IC-193.6494.35/jbr!/java.sql" type="simple" />
            <root url="jrt:///home/juan.martin.lequerica/Documents/idea-IC-193.6494.35/jbr!/java.sql.rowset" type="simple" />
            <root url="jrt:///home/juan.martin.lequerica/Documents/idea-IC-193.6494.35/jbr!/java.transaction.xa" type="simple" />
            <root url="jrt:///home/juan.martin.lequerica/Documents/idea-IC-193.6494.35/jbr!/java.xml" type="simple" />
            <root url="jrt:///home/juan.martin.lequerica/Documents/idea-IC-193.6494.35/jbr!/java.xml.crypto" type="simple" />
            <root url="jrt:///home/juan.martin.lequerica/Documents/idea-IC-193.6494.35/jbr!/javafx.base" type="simple" />
            <root url="jrt:///home/juan.martin.lequerica/Documents/idea-IC-193.6494.35/jbr!/javafx.controls" type="simple" />
            <root url="jrt:///home/juan.martin.lequerica/Documents/idea-IC-193.6494.35/jbr!/javafx.fxml" type="simple" />
            <root url="jrt:///home/juan.martin.lequerica/Documents/idea-IC-193.6494.35/jbr!/javafx.graphics" type="simple" />
            <root url="jrt:///home/juan.martin.lequerica/Documents/idea-IC-193.6494.35/jbr!/javafx.media" type="simple" />
            <root url="jrt:///home/juan.martin.lequerica/Documents/idea-IC-193.6494.35/jbr!/javafx.swing" type="simple" />
            <root url="jrt:///home/juan.martin.lequerica/Documents/idea-IC-193.6494.35/jbr!/javafx.web" type="simple" />
            <root url="jrt:///home/juan.martin.lequerica/Documents/idea-IC-193.6494.35/jbr!/jdk.accessibility" type="simple" />
            <root url="jrt:///home/juan.martin.lequerica/Documents/idea-IC-193.6494.35/jbr!/jdk.aot" type="simple" />
            <root url="jrt:///home/juan.martin.lequerica/Documents/idea-IC-193.6494.35/jbr!/jdk.attach" type="simple" />
            <root url="jrt:///home/juan.martin.lequerica/Documents/idea-IC-193.6494.35/jbr!/jdk.charsets" type="simple" />
            <root url="jrt:///home/juan.martin.lequerica/Documents/idea-IC-193.6494.35/jbr!/jdk.compiler" type="simple" />
            <root url="jrt:///home/juan.martin.lequerica/Documents/idea-IC-193.6494.35/jbr!/jdk.crypto.cryptoki" type="simple" />
            <root url="jrt:///home/juan.martin.lequerica/Documents/idea-IC-193.6494.35/jbr!/jdk.crypto.ec" type="simple" />
            <root url="jrt:///home/juan.martin.lequerica/Documents/idea-IC-193.6494.35/jbr!/jdk.dynalink" type="simple" />
            <root url="jrt:///home/juan.martin.lequerica/Documents/idea-IC-193.6494.35/jbr!/jdk.hotspot.agent" type="simple" />
            <root url="jrt:///home/juan.martin.lequerica/Documents/idea-IC-193.6494.35/jbr!/jdk.httpserver" type="simple" />
            <root url="jrt:///home/juan.martin.lequerica/Documents/idea-IC-193.6494.35/jbr!/jdk.internal.ed" type="simple" />
            <root url="jrt:///home/juan.martin.lequerica/Documents/idea-IC-193.6494.35/jbr!/jdk.internal.jvmstat" type="simple" />
            <root url="jrt:///home/juan.martin.lequerica/Documents/idea-IC-193.6494.35/jbr!/jdk.internal.le" type="simple" />
            <root url="jrt:///home/juan.martin.lequerica/Documents/idea-IC-193.6494.35/jbr!/jdk.internal.vm.ci" type="simple" />
            <root url="jrt:///home/juan.martin.lequerica/Documents/idea-IC-193.6494.35/jbr!/jdk.internal.vm.compiler" type="simple" />
            <root url="jrt:///home/juan.martin.lequerica/Documents/idea-IC-193.6494.35/jbr!/jdk.internal.vm.compiler.management" type="simple" />
            <root url="jrt:///home/juan.martin.lequerica/Documents/idea-IC-193.6494.35/jbr!/jdk.jdi" type="simple" />
            <root url="jrt:///home/juan.martin.lequerica/Documents/idea-IC-193.6494.35/jbr!/jdk.jdwp.agent" type="simple" />
            <root url="jrt:///home/juan.martin.lequerica/Documents/idea-IC-193.6494.35/jbr!/jdk.jfr" type="simple" />
            <root url="jrt:///home/juan.martin.lequerica/Documents/idea-IC-193.6494.35/jbr!/jdk.jsobject" type="simple" />
            <root url="jrt:///home/juan.martin.lequerica/Documents/idea-IC-193.6494.35/jbr!/jdk.localedata" type="simple" />
            <root url="jrt:///home/juan.martin.lequerica/Documents/idea-IC-193.6494.35/jbr!/jdk.management" type="simple" />
            <root url="jrt:///home/juan.martin.lequerica/Documents/idea-IC-193.6494.35/jbr!/jdk.management.agent" type="simple" />
            <root url="jrt:///home/juan.martin.lequerica/Documents/idea-IC-193.6494.35/jbr!/jdk.management.jfr" type="simple" />
            <root url="jrt:///home/juan.martin.lequerica/Documents/idea-IC-193.6494.35/jbr!/jdk.naming.dns" type="simple" />
            <root url="jrt:///home/juan.martin.lequerica/Documents/idea-IC-193.6494.35/jbr!/jdk.naming.rmi" type="simple" />
            <root url="jrt:///home/juan.martin.lequerica/Documents/idea-IC-193.6494.35/jbr!/jdk.net" type="simple" />
            <root url="jrt:///home/juan.martin.lequerica/Documents/idea-IC-193.6494.35/jbr!/jdk.pack" type="simple" />
            <root url="jrt:///home/juan.martin.lequerica/Documents/idea-IC-193.6494.35/jbr!/jdk.scripting.nashorn" type="simple" />
            <root url="jrt:///home/juan.martin.lequerica/Documents/idea-IC-193.6494.35/jbr!/jdk.scripting.nashorn.shell" type="simple" />
            <root url="jrt:///home/juan.martin.lequerica/Documents/idea-IC-193.6494.35/jbr!/jdk.sctp" type="simple" />
            <root url="jrt:///home/juan.martin.lequerica/Documents/idea-IC-193.6494.35/jbr!/jdk.security.auth" type="simple" />
            <root url="jrt:///home/juan.martin.lequerica/Documents/idea-IC-193.6494.35/jbr!/jdk.security.jgss" type="simple" />
            <root url="jrt:///home/juan.martin.lequerica/Documents/idea-IC-193.6494.35/jbr!/jdk.unsupported" type="simple" />
            <root url="jrt:///home/juan.martin.lequerica/Documents/idea-IC-193.6494.35/jbr!/jdk.xml.dom" type="simple" />
            <root url="jrt:///home/juan.martin.lequerica/Documents/idea-IC-193.6494.35/jbr!/jdk.zipfs" type="simple" />
          </root>
        </classPath>
        <javadocPath>
          <root type="composite" />
        </javadocPath>
        <sourcePath>
          <root type="composite" />
        </sourcePath>
      </roots>
      <additional />
    </jdk>
    <jdk version="2">
      <name value="1.8.0_242 (2)" />
      <type value="JavaSDK" />
      <version value="java version &quot;1.8.0_242&quot;" />
      <homePath value="/usr/lib/jvm/java-1.8.0-openjdk-amd64" />
      <roots>
        <annotationsPath>
          <root type="composite">
            <root url="jar://$APPLICATION_HOME_DIR$/plugins/java/lib/jdkAnnotations.jar!/" type="simple" />
          </root>
        </annotationsPath>
        <classPath>
          <root type="composite">
            <root url="jar:///usr/lib/jvm/java-1.8.0-openjdk-amd64/jre/lib/charsets.jar!/" type="simple" />
            <root url="jar:///usr/lib/jvm/java-1.8.0-openjdk-amd64/jre/lib/ext/cldrdata.jar!/" type="simple" />
            <root url="jar:///usr/lib/jvm/java-1.8.0-openjdk-amd64/jre/lib/ext/dnsns.jar!/" type="simple" />
            <root url="jar:///usr/lib/jvm/java-1.8.0-openjdk-amd64/jre/lib/ext/icedtea-sound.jar!/" type="simple" />
            <root url="jar:///usr/lib/jvm/java-1.8.0-openjdk-amd64/jre/lib/ext/jaccess.jar!/" type="simple" />
            <root url="jar:///usr/lib/jvm/java-1.8.0-openjdk-amd64/jre/lib/ext/java-atk-wrapper.jar!/" type="simple" />
            <root url="jar:///usr/lib/jvm/java-1.8.0-openjdk-amd64/jre/lib/ext/localedata.jar!/" type="simple" />
            <root url="jar:///usr/lib/jvm/java-1.8.0-openjdk-amd64/jre/lib/ext/nashorn.jar!/" type="simple" />
            <root url="jar:///usr/lib/jvm/java-1.8.0-openjdk-amd64/jre/lib/ext/sunec.jar!/" type="simple" />
            <root url="jar:///usr/lib/jvm/java-1.8.0-openjdk-amd64/jre/lib/ext/sunjce_provider.jar!/" type="simple" />
            <root url="jar:///usr/lib/jvm/java-1.8.0-openjdk-amd64/jre/lib/ext/sunpkcs11.jar!/" type="simple" />
            <root url="jar:///usr/lib/jvm/java-1.8.0-openjdk-amd64/jre/lib/ext/zipfs.jar!/" type="simple" />
            <root url="jar:///usr/lib/jvm/java-1.8.0-openjdk-amd64/jre/lib/jce.jar!/" type="simple" />
            <root url="jar:///usr/lib/jvm/java-1.8.0-openjdk-amd64/jre/lib/jsse.jar!/" type="simple" />
            <root url="jar:///usr/lib/jvm/java-1.8.0-openjdk-amd64/jre/lib/management-agent.jar!/" type="simple" />
            <root url="jar:///usr/lib/jvm/java-1.8.0-openjdk-amd64/jre/lib/resources.jar!/" type="simple" />
            <root url="jar:///usr/lib/jvm/java-1.8.0-openjdk-amd64/jre/lib/rt.jar!/" type="simple" />
          </root>
        </classPath>
        <javadocPath>
          <root type="composite" />
        </javadocPath>
        <sourcePath>
          <root type="composite">
            <root url="jar:///usr/lib/jvm/java-1.8.0-openjdk-amd64/src.zip!/" type="simple" />
          </root>
        </sourcePath>
      </roots>
      <additional />
    </jdk>
  </component>
</application>